Proposta,Ano da proposta,IBGE,UF,Município,Nome da unidade,Componente,Porte,Situação no SISMOB,Data do repasse,Execução física (%) SISMOB,Data prevista de conclusão SISMOB,Dias sem monitoramento SISMOB,Data do último contato equipe PAC,Situação equipe PAC,Prioridade de contato,Ações,Quem fez o contato?,Data do contato,Execução informada pelo ente (%),Data/Previsão de conclusão informada pelo ente,Data/Previsão de inauguração informada pelo ente,Observações e problemas
10392418000124003,2024,260005,PE,Abreu e Lima,Ubs Matinha,Unidade Básica de Saúde,I,Em execução e conclusão,6/20/2025,100,5/30/2026,2,5/27/2026,Em funcionamento,Baixa,"• Pedir superação de etapa 'Execução e conclusão'
",,,,,,
11308823000124001,2024,260010,PE,Afogados da Ingazeira,Oficina Ortopédica ,Oficina Ortopédica,Fixa,Em início de execução,4/24/2025,21,9/15/2026,32,,Em início de execução,Alta,"• Atualizar data de conclusão
• Atualizar SISMOB 1 vez por mês",,,,,,
11308823000124003,2024,260010,PE,Afogados da Ingazeira,Ubs - Ponte 2,Unidade Básica de Saúde,I,Em início de execução,4/1/2025,30,9/15/2026,32,,Em início de execução,Alta,"• Pedir superação de etapa 'Início de execução'
• Atualizar data de conclusão
• Atualizar SISMOB 1 vez por mês",,,,,,
11308823000125005,2025,260010,PE,Afogados da Ingazeira,Ubs Mandacaru I,Unidade Básica de Saúde,I,Em início de execução,2/24/2026,10,9/18/2026,6,,Em início de execução,Baixa,"• Atualizar data de conclusão
",,,,,,
11308823000125006,2025,260010,PE,Afogados da Ingazeira,Caps Iii - 24H,Centro de Atenção Psicossocial,III,Em início de execução,4/1/2026,7,12/9/2026,6,,Em início de execução,Baixa,,,,,,,
10316445000124001,2024,260040,PE,Água Preta,Ubs - Cruzeiro,Unidade Básica de Saúde,I,Em início de execução,7/3/2025,6,12/31/2026,10,,Em início de execução,Alta,,,,,,,
11209720000124002,2024,260050,PE,Águas Belas,Ubs Maria Elisangela Maria Clemente da Silva,Unidade Básica de Saúde,I,Em início de execução,11/4/2025,0,2/26/2027,143,,Em início de execução,Alta,• Atualizar SISMOB 1 vez por mês,,,,,,
11209720000124005,2024,260050,PE,Águas Belas,Usf Dona Lindu,Unidade Básica de Saúde,I,Em início de execução,2/26/2026,0,2/26/2027,76,,Em início de execução,Alta,• Atualizar SISMOB 1 vez por mês,,,,,,
11209720000125002,2025,260050,PE,Águas Belas,Usf de Curral Novo,Unidade Básica de Saúde,I,0,,0,,0,,Proposta em análise,Baixa,,,,,,,
11419791000124004,2024,260060,PE,Alagoinha,Usf Dr Orisvaldo Inacio da Silva,Unidade Básica de Saúde,I,Em execução e conclusão,2/27/2025,33,2/21/2026,12,6/30/2026,Em execução e conclusão,Alta,"• Atualizar data de conclusão
",,,,,,
11419791000124003,2024,260060,PE,Alagoinha,Usf Francisco Cavalcanti da Silva,Unidade Básica de Saúde,I,Em execução e conclusão,4/9/2025,31,10/21/2026,12,,Em execução e conclusão,Alta,,,,,,,
08470342000124001,2024,260080,PE,Altinho,Unidade Basica de Saude da Olaria,Unidade Básica de Saúde,I,Em início de execução,10/16/2025,15,12/31/2026,87,,Em início de execução,Alta,• Atualizar SISMOB 1 vez por mês,,,,,,
08470342000125004,2025,260080,PE,Altinho,0,Unidade Básica de Saúde,I,0,,0,,0,,Proposta em análise,Baixa,,,,,,,
11267979000124002,2024,260105,PE,Araçoiaba,Construção de Unidade Básica de Saúde - Esf Vi Dr. Ricardo Fiuza,Unidade Básica de Saúde,I,Em início de execução,6/20/2025,0,,325,,Em início de execução,Alta,• Atualizar SISMOB 1 vez por mês,,,,,,
11267979000124003,2024,260105,PE,Araçoiaba,Construção de Unidade Básica de Saúde - Esf Vii ,Unidade Básica de Saúde,I,Em início de execução,6/27/2025,0,,423,,Em início de execução,Alta,• Atualizar SISMOB 1 vez por mês,,,,,,
11390957000124003,2024,260110,PE,Araripina,Ubs Cohab,Unidade Básica de Saúde,I,Em execução e conclusão,6/20/2025,38,9/30/2026,17,,Em execução e conclusão,Alta,,,,,,,
11390957000124004,2024,260110,PE,Araripina,Ubs Feira Nova,Unidade Básica de Saúde,I,Em execução e conclusão,6/20/2025,35,9/30/2026,102,,Em execução e conclusão,Alta,• Atualizar SISMOB 1 vez por mês,,,,,,
10339635000125006,2025,260120,PE,Arcoverde,Ubs Dr Jose Cavalcanti Alves,Unidade Básica de Saúde,III,Em início de execução,4/27/2026,0,,24,,Em início de execução,Baixa,,,,,,,
12680370000125005,2025,260130,PE,Barra de Guabiraba,Psf Vii - Dr. Enio Teixeira,Unidade Básica de Saúde,I,Em início de execução,4/6/2026,2,3/28/2027,39,,Em início de execução,Média,• Atualizar SISMOB 1 vez por mês,,,,,,
02324776000124003,2024,260160,PE,Belém do São Francisco,Ubs Novo Horizonte,Unidade Básica de Saúde,I,Em início de execução,6/20/2025,85,8/30/2026,34,,Em início de execução,Alta,"• Comprar equipamentos
• Informar data em que MS possa fazer entrega simbólica ou inauguração
• Pedir superação de etapa 'Início de execução'
• Atualizar SISMOB 1 vez por mês",,,,,,
02324776000124004,2024,260160,PE,Belém do São Francisco,Ubs Beira Rio,Unidade Básica de Saúde,I,Em início de execução,6/20/2025,50,8/1/2026,34,,"Em execução, conclusão atrasada",Alta,"• Pedir superação de etapa 'Início de execução'
• Atualizar data de conclusão
• Atualizar SISMOB 1 vez por mês",,,,,,
02324776000124002,2024,260160,PE,Belém do São Francisco,Caps Sede,Centro de Atenção Psicossocial,I,Em execução e conclusão,6/12/2025,30,8/1/2026,33,,"Em execução, conclusão atrasada",Alta,"• Atualizar data de conclusão
• Atualizar SISMOB 1 vez por mês",,,,,,
10241913000124002,2024,260170,PE,Belo Jardim,Ubs Cohab I,Unidade Básica de Saúde,II,Em execução e conclusão,5/2/2025,96,2/28/2026,3,7/1/2026,"Em execução, conclusão atrasada",Alta,"• Comprar equipamentos
• Informar data em que MS possa fazer entrega simbólica ou inauguração
",,,,,,
19259219000125003,2025,260180,PE,Betânia,Ubs - Alto do Bom Jesus,Unidade Básica de Saúde,I,Em início de execução,4/6/2026,14,4/30/2027,34,,Em início de execução,Média,• Atualizar SISMOB 1 vez por mês,,,,,,
13486604000125002,2025,260190,PE,Bezerros,Unidade de Saude de Encruzilhada Ii,Unidade Básica de Saúde,I,Em início de execução,4/6/2026,8,12/15/2026,37,,Em início de execução,Média,• Atualizar SISMOB 1 vez por mês,,,,,,
11216167000124002,2024,260200,PE,Bodocó,Ubs Casinhas,Unidade Básica de Saúde,I,Em execução e conclusão,6/2/2025,44,8/9/2026,20,,"Em execução, conclusão atrasada",Alta,"• Atualizar data de conclusão
",,,,,,
11216167000124003,2024,260200,PE,Bodocó,Ubs Vila Esperança,Unidade Básica de Saúde,II,Em execução e conclusão,8/11/2025,43,11/9/2026,13,,Em execução e conclusão,Alta,,,,,,,
10800021000126003,2026,260210,PE,Bom Conselho,Unidade Basica de Saúde Bom Conselho,Unidade Básica de Saúde,I,Em ação preparatória,,0,,5,,Etapa VISA,Baixa,,,,,,,
10800021000124003,2024,260210,PE,Bom Conselho,Unidade Básica de Saúde  Ubs Ii Lot Sonho Verde  Bom Conselho Pe,Unidade Básica de Saúde,II,0,,0,,0,,Proposta em análise,Baixa,,,,,,,
10589928000125001,2025,260220,PE,Bom Jardim,Unidade de Saude da Familia Freitas,Unidade Básica de Saúde,I,Em início de execução,6/3/2026,0,,40,,Em início de execução,Média,• Atualizar SISMOB 1 vez por mês,,,,,,
08763979000124001,2024,260230,PE,Bonito,Psf Mutirao,Unidade Básica de Saúde,I,Em execução e conclusão,5/2/2025,51,10/14/2026,12,,Em execução e conclusão,Alta,,,,,,,
08763979000124002,2024,260230,PE,Bonito,Psf Frei Damião,Unidade Básica de Saúde,I,Em execução e conclusão,6/20/2025,42,11/2/2026,12,,Em execução e conclusão,Alta,,,,,,,
08763979000125004,2025,260230,PE,Bonito,Ubs Cachoeira Jucá ,Unidade Básica de Saúde,I,Em início de execução,4/6/2026,0,,27,,Em início de execução,Baixa,,,,,,,
06242368000125004,2025,260250,PE,Brejinho,Esf Vila de Fatima,Unidade Básica de Saúde,I,Em início de execução,4/27/2026,0,,19,,Em início de execução,Baixa,,,,,,,
09159378000125003,2025,260260,PE,Brejo da Madre de Deus,Psf São Domingos 3,Unidade Básica de Saúde,I,Em início de execução,4/8/2026,2,3/19/2027,38,,Em início de execução,Média,• Atualizar SISMOB 1 vez por mês,,,,,,
10793670000125003,2025,260270,PE,Buenos Aires,Unidade Basica do Oiteiro,Unidade Básica de Saúde,I,Em início de execução,4/6/2026,0,,38,,Em início de execução,Média,• Atualizar SISMOB 1 vez por mês,,,,,,
11421766000125005,2025,260280,PE,Buíque,Ubs Varzea Grande,Unidade Básica de Saúde,III,Em início de execução,4/10/2026,4,1/16/2027,33,,Em início de execução,Média,• Atualizar SISMOB 1 vez por mês,,,,,,
11168783000125004,2025,260290,PE,Cabo de Santo Agostinho,Ubs Onze Negras,Unidade Básica de Saúde,I,Em início de execução,4/8/2026,30,3/10/2028,33,,Em início de execução,Média,"• Pedir superação de etapa 'Início de execução'
• Atualizar SISMOB 1 vez por mês",,,,,,
10907425000125002,2025,260300,PE,Cabrobó,Unidade de Saúde da Família José Candido dos Santos Silva,Unidade Básica de Saúde,I,Em início de execução,4/28/2026,10,10/31/2026,11,,Em início de execução,Baixa,,,,,,,
10234992000125002,2025,260310,PE,Cachoeirinha,Ubs Tancredo,Unidade Básica de Saúde,I,Em início de execução,4/6/2026,20,12/30/2026,38,,Em início de execução,Média,• Atualizar SISMOB 1 vez por mês,,,,,,
12398801000124002,2024,260320,PE,Caetés,Ubs Bastiões,Unidade Básica de Saúde,I,Em início de execução,6/20/2025,30,9/11/2026,37,,Em início de execução,Alta,"• Pedir superação de etapa 'Início de execução'
• Atualizar data de conclusão
• Atualizar SISMOB 1 vez por mês",,,,,,
12398801000124003,2024,260320,PE,Caetés,Ubs Vila Araçá,Unidade Básica de Saúde,I,Em início de execução,6/20/2025,30,9/15/2026,38,,Em início de execução,Alta,"• Pedir superação de etapa 'Início de execução'
• Atualizar data de conclusão
• Atualizar SISMOB 1 vez por mês",,,,,,
12398801000126002,2026,260320,PE,Caetés,Caps Caetes,Centro de Atenção Psicossocial,I,Em ação preparatória,,0,,38,,Etapa VISA,Média,• Atualizar SISMOB 1 vez por mês,,,,,,
11502090000125003,2025,260340,PE,Calumbi,Psf Tamboril,Unidade Básica de Saúde,I,Em início de execução,4/27/2026,0,,132,,Em início de execução,Alta,• Atualizar SISMOB 1 vez por mês,,,,,,
41230038000125017,2025,260345,PE,Camaragibe,Ubs -São João e São Paulo,Unidade Básica de Saúde,I,Em início de execução,6/23/2026,0,,55,,Em início de execução,Média,• Atualizar SISMOB 1 vez por mês,,,,,,
11870137000124001,2024,260350,PE,Camocim de São Félix,Centro de Atenção Psicossocial - Caps,Centro de Atenção Psicossocial,I,Em execução e conclusão,4/24/2025,80,6/30/2026,45,6/18/2026,Em execução e conclusão,Alta,• Atualizar SISMOB 1 vez por mês,,,,,,
11870137000125004,2025,260350,PE,Camocim de São Félix,Ubs Centro,Unidade Básica de Saúde,I,Em início de execução,4/8/2026,1,12/30/2026,45,,Em início de execução,Média,• Atualizar SISMOB 1 vez por mês,,,,,,
09154486000125003,2025,260370,PE,Canhotinho,Unidade Basica de Saúde,Unidade Básica de Saúde,I,Em início de execução,4/24/2026,3,12/31/2027,17,,Em início de execução,Baixa,,,,,,,
08807619000124001,2024,260380,PE,Capoeiras,Ubs Manoel Costa Teixeira,Unidade Básica de Saúde,I,Em início de execução,6/5/2025,0,,481,,Em início de execução,Alta,• Atualizar SISMOB 1 vez por mês,,,,,,
11431858000124001,2024,260390,PE,Carnaíba,Unidade de Saúde da Família Ismael Gomes Patriota,Unidade Básica de Saúde,I,Em funcionamento,12/11/2024,100,2/27/2026,9,11/19/2025,Em funcionamento,Não é necessário contato,,,,,,,
11869543000124001,2024,260392,PE,Carnaubeira da Penha,Ubs Capim Grosso ,Unidade Básica de Saúde,I,Em início de execução,4/9/2025,50,8/30/2026,32,6/30/2026,Em início de execução,Alta,"• Pedir superação de etapa 'Início de execução'
• Atualizar data de conclusão
• Atualizar SISMOB 1 vez por mês",,,,,,
11869543000124002,2024,260392,PE,Carnaubeira da Penha,Ubs Massapê,Unidade Básica de Saúde,I,Em início de execução,4/9/2025,50,10/30/2026,32,6/30/2026,Em início de execução,Alta,"• Pedir superação de etapa 'Início de execução'
• Atualizar SISMOB 1 vez por mês",,,,,,
11371082000124001,2024,260410,PE,Caruaru,Caps I Caruaru,Centro de Atenção Psicossocial,I,Em execução e conclusão,6/12/2025,99,4/30/2026,5,5/29/2026,Em execução e conclusão,Alta,"• Comprar equipamentos
• Informar data em que MS possa fazer entrega simbólica ou inauguração
",,,,,,
11371082000124003,2024,260410,PE,Caruaru,Ubs Cidade Alta,Unidade Básica de Saúde,III,Em execução e conclusão,6/9/2025,80,4/30/2026,5,4/23/2026,Em execução e conclusão,Alta,,,,,,,
11371082000124002,2024,260410,PE,Caruaru,Ubs São José,Unidade Básica de Saúde,II,Em execução e conclusão,6/9/2025,90,4/30/2026,4,4/23/2026,Em execução e conclusão,Alta,"• Comprar equipamentos
• Informar data em que MS possa fazer entrega simbólica ou inauguração
",,,,,,
11430018000124015,2024,260410,PE,Caruaru,Cer Iv Caruaru,Centro Especializado em Reabilitação,"Auditiva, Física, Intelectual e Visual",Em execução e conclusão,10/8/2025,38,9/30/2026,31,,Em execução e conclusão,Média,• Atualizar SISMOB 1 vez por mês,,,,,,
11371082000125003,2025,260410,PE,Caruaru,Ubs Luiz Gonzaga,Unidade Básica de Saúde,I,Em início de execução,4/8/2026,0,,5,,Em início de execução,Baixa,,,,,,,
07622498000125006,2025,260415,PE,Casinhas,Ubs Junco,Unidade Básica de Saúde,I,Em início de execução,4/6/2026,3,6/30/2027,53,,Em início de execução,Média,• Atualizar SISMOB 1 vez por mês,,,,,,
08247860000124002,2024,260420,PE,Catende,Posto de Saude de Canaa,Unidade Básica de Saúde,III,Em início de execução,6/12/2025,15,12/30/2026,20,,Em início de execução,Alta,,,,,,,
08247860000124001,2024,260420,PE,Catende,Posto de Saude de L Grande I,Unidade Básica de Saúde,I,Em início de execução,6/9/2025,15,12/30/2026,20,,Em início de execução,Alta,,,,,,,
08625167000124001,2024,260450,PE,Chã Grande,Usb Ubano I,Unidade Básica de Saúde,I,Em início de execução,5/23/2025,53,9/30/2026,108,,Em início de execução,Alta,"• Pedir superação de etapa 'Início de execução'
• Atualizar SISMOB 1 vez por mês",,,,,,
08625167000124002,2024,260450,PE,Chã Grande,Ubs Vila Santa Luzia,Unidade Básica de Saúde,I,Em início de execução,5/23/2025,54,5/30/2026,61,6/25/2026,"Em execução, conclusão atrasada",Alta,"• Pedir superação de etapa 'Início de execução'
• Atualizar data de conclusão
• Atualizar SISMOB 1 vez por mês",,,,,,
08625167000125001,2025,260450,PE,Chã Grande,Psf Urbano Iii,Unidade Básica de Saúde,I,Em início de execução,4/6/2026,0,,45,,Em início de execução,Média,• Atualizar SISMOB 1 vez por mês,,,,,,
11366609000124005,2024,260460,PE,Condado,Ubs Novo Tempo,Unidade Básica de Saúde,II,Em execução e conclusão,6/5/2025,40,4/30/2026,17,6/26/2026,"Em execução, conclusão atrasada",Alta,"• Atualizar data de conclusão
",,,,,,
10280122000124001,2024,260470,PE,Correntes,Ubs Primavera,Unidade Básica de Saúde,I,Em execução e conclusão,2/3/2026,30,2/12/2027,6,,Em execução e conclusão,Média,,,,,,,
10280122000124002,2024,260470,PE,Correntes,Ubs Giselda Cesar,Unidade Básica de Saúde,I,Em execução e conclusão,8/11/2025,55,11/27/2026,6,,Em execução e conclusão,Alta,,,,,,,
10280122000125004,2025,260470,PE,Correntes,Centro de Apoio Psicosocial de Correntes,Centro de Atenção Psicossocial,I,Em início de execução,4/27/2026,1,4/30/2027,31,,Em início de execução,Média,• Atualizar SISMOB 1 vez por mês,,,,,,
10373148000125002,2025,260480,PE,Cortês,Usf Maria de Lourdes Soares Borba Nova Cortes,Unidade Básica de Saúde,I,Em início de execução,4/24/2026,0,,20,,Em início de execução,Baixa,,,,,,,
11319452000125003,2025,260490,PE,Cumaru,Ubs Serra do Umari,Unidade Básica de Saúde,I,Obra paralisada,2/24/2026,4,12/31/2026,18,,Obra paralisada,Baixa,,,,,,,
10298546000124001,2024,260510,PE,Custódia,Ubs - Nossa Senhora ,Unidade Básica de Saúde,I,Em execução e conclusão,6/20/2025,35,12/31/2026,74,,Em execução e conclusão,Alta,• Atualizar SISMOB 1 vez por mês,,,,,,
10291311000125004,2025,260520,PE,Escada,Ubs 218,Unidade Básica de Saúde,II,Em início de execução,7/3/2026,0,,55,,Em início de execução,Média,• Atualizar SISMOB 1 vez por mês,,,,,,
09218925000124001,2024,260530,PE,Exu,Unidade de Saude da Familia Etelvina Justino da Silva,Unidade Básica de Saúde,I,Em início de execução,5/2/2025,0,,223,,Em início de execução,Alta,• Atualizar SISMOB 1 vez por mês,,,,,,
09218925000125003,2025,260530,PE,Exu,Unidade de Saúde da Familia do Centro Ii,Unidade Básica de Saúde,I,Em início de execução,2/24/2026,0,,24,,Em início de execução,Baixa,,,,,,,
09102679000124001,2024,260550,PE,Ferreiros,Ubs - Substituir Psf Ii - Helano Alfredo,Unidade Básica de Saúde,I,Em início de execução,6/5/2025,61,5/31/2026,10,7/3/2026,"Em execução, conclusão atrasada",Alta,"• Pedir superação de etapa 'Início de execução'
• Atualizar data de conclusão
",,,,,,
10392023000125001,2025,260560,PE,Flores,Fátima Ii,Unidade Básica de Saúde,II,Em início de execução,12/11/2025,39,12/31/2026,12,,Em início de execução,Média,"• Pedir superação de etapa 'Início de execução'
",,,,,,
10392023000125002,2025,260560,PE,Flores,Caps I,Centro de Atenção Psicossocial,I,Em início de execução,3/5/2026,3,12/31/2026,6,,Em início de execução,Baixa,,,,,,,
10965708000124003,2024,260570,PE,Floresta,Ubs Santa Rosa,Unidade Básica de Saúde,I,Em execução e conclusão,5/2/2025,90,8/30/2026,13,5/26/2026,Em execução e conclusão,Alta,"• Comprar equipamentos
• Informar data em que MS possa fazer entrega simbólica ou inauguração
",,,,,,
10965708000124002,2024,260570,PE,Floresta,Ubs Né Maniçoba ,Unidade Básica de Saúde,I,Em execução e conclusão,5/2/2025,55,8/30/2026,48,1/14/2026,Em execução e conclusão,Alta,"• Atualizar data de conclusão
• Atualizar SISMOB 1 vez por mês",,,,,,
13811409000125006,2025,260580,PE,Frei Miguelinho,Ubs Lagoa de João Carlos ,Unidade Básica de Saúde,I,Em início de execução,6/19/2026,0,,40,,Em início de execução,Média,• Atualizar SISMOB 1 vez por mês,,,,,,
09342856000124002,2024,260600,PE,Garanhuns,Ubs Indiano Ii,Unidade Básica de Saúde,I,Em execução e conclusão,8/25/2025,82,10/1/2026,33,5/28/2026,Em execução e conclusão,Alta,"• Comprar equipamentos
• Informar data em que MS possa fazer entrega simbólica ou inauguração
• Atualizar SISMOB 1 vez por mês",,,,,,
09342856000124001,2024,260600,PE,Garanhuns,Ubs Boa Vista Iii,Unidade Básica de Saúde,I,Em execução e conclusão,9/16/2025,58,10/10/2026,33,5/28/2026,Em execução e conclusão,Média,• Atualizar SISMOB 1 vez por mês,,,,,,
09342856000124003,2024,260600,PE,Garanhuns,Caps Ad Garanhuns,Centro de Atenção Psicossocial,ad,Em execução e conclusão,10/9/2025,61,10/1/2026,33,6/19/2026,Em execução e conclusão,Média,• Atualizar SISMOB 1 vez por mês,,,,,,
09342856000124004,2024,260600,PE,Garanhuns,Centro de Parto Normal,Centro de Parto Normal,Peri-hospitalar,Em execução e conclusão,8/25/2025,67,8/11/2026,33,,"Em execução, conclusão atrasada",Média,"• Atualizar data de conclusão
• Atualizar SISMOB 1 vez por mês",,,,,,
09342856000125006,2025,260600,PE,Garanhuns,Centro Especializado Em Reabilitação,Centro Especializado em Reabilitação,"Auditiva, Física, Intelectual e Visual",Em início de execução,6/29/2026,1,8/2/2027,24,6/19/2026,Em início de execução,Baixa,,,,,,,
11393101000125010,2025,260610,PE,Glória do Goitá,Ubs Barracão,Unidade Básica de Saúde,I,Em início de execução,4/28/2026,5,12/24/2026,19,,Em início de execução,Baixa,,,,,,,
11460739000125004,2025,260630,PE,Granito,Ubs Centro Vereador Jose Alexandre De Souza,Unidade Básica de Saúde,I,Em início de execução,4/6/2026,25,11/30/2026,20,,Em início de execução,Baixa,,,,,,,
11402235000124001,2024,260690,PE,Iguaracy,Esf da Sede 01,Unidade Básica de Saúde,I,Em execução e conclusão,3/13/2025,90,8/30/2026,12,7/2/2026,Em execução e conclusão,Alta,"• Comprar equipamentos
• Informar data em que MS possa fazer entrega simbólica ou inauguração
",,,,,,
11266869000124002,2024,260700,PE,Inajá,Ubs Armando Timoteo,Unidade Básica de Saúde,I,Em execução e conclusão,7/2/2025,48,12/15/2026,4,6/30/2026,Em execução e conclusão,Alta,,,,,,,
11208059000124001,2024,260710,PE,Ingazeira,Esf Santa Rosa,Unidade Básica de Saúde,I,Obra concluída,12/31/2024,100,3/14/2026,74,11/26/2025,Em funcionamento,Média,"• Colocar em funcionamento
• Atualizar SISMOB 1 vez por mês",,,,,,
11208059000125002,2025,260710,PE,Ingazeira,Esf Centro I,Unidade Básica de Saúde,I,Em execução e conclusão,12/29/2025,38,12/31/2026,31,,Em execução e conclusão,Média,• Atualizar SISMOB 1 vez por mês,,,,,,
11248285000124001,2024,260720,PE,Ipojuca,Ubs Canoas,Unidade Básica de Saúde,II,Em execução e conclusão,11/25/2025,30,8/30/2026,13,,Em execução e conclusão,Média,"• Atualizar data de conclusão
",,,,,,
11248285000125013,2025,260720,PE,Ipojuca,Ubs Califórnia,Unidade Básica de Saúde,II,Em início de execução,4/24/2026,8,12/30/2026,24,,Em início de execução,Baixa,,,,,,,
11391568000124005,2024,260730,PE,Ipubi,Ubs Gameleira,Unidade Básica de Saúde,I,Em execução e conclusão,7/17/2025,30,5/10/2026,33,7/2/2026,"Em execução, conclusão atrasada",Alta,"• Atualizar data de conclusão
• Atualizar SISMOB 1 vez por mês",,,,,,
11391568000124004,2024,260730,PE,Ipubi,Ubs  Centro,Unidade Básica de Saúde,I,Em execução e conclusão,6/27/2025,30,11/12/2026,40,,Em execução e conclusão,Alta,• Atualizar SISMOB 1 vez por mês,,,,,,
11873674000124001,2024,260740,PE,Itacuruba,Ubs Seu Dão ,Unidade Básica de Saúde,I,Em execução e conclusão,5/23/2025,70,10/30/2026,17,,Em execução e conclusão,Alta,,,,,,,
11826158000124002,2024,260750,PE,Itaíba,Ubs Maria Soledade da Cunha,Unidade Básica de Saúde,I,Em execução e conclusão,6/20/2025,52,6/30/2026,16,,"Em execução, conclusão atrasada",Alta,"• Atualizar data de conclusão
",,,,,,
11826158000124001,2024,260750,PE,Itaíba,Ubs George de Melo Cavalcante,Unidade Básica de Saúde,II,Em execução e conclusão,6/5/2025,44,9/30/2026,33,,Em execução e conclusão,Alta,• Atualizar SISMOB 1 vez por mês,,,,,,
10417698000124001,2024,260765,PE,Itambé,Unidade de Saude da Familia do Centro,Unidade Básica de Saúde,I,Em execução e conclusão,5/23/2025,56,12/31/2026,33,,Em execução e conclusão,Alta,• Atualizar SISMOB 1 vez por mês,,,,,,
10417698000124002,2024,260765,PE,Itambé,Unidade de Saude da Familia Loteamento Figueiredo,Unidade Básica de Saúde,I,Em início de execução,6/5/2025,32,12/31/2026,33,,Em início de execução,Alta,"• Pedir superação de etapa 'Início de execução'
• Atualizar SISMOB 1 vez por mês",,,,,,
10417698000125003,2025,260765,PE,Itambé,Ubs Pedra Bela,Unidade Básica de Saúde,I,Em início de execução,4/24/2026,0,,138,,Em início de execução,Alta,• Atualizar SISMOB 1 vez por mês,,,,,,
11402511000124005,2024,260770,PE,Itapetim,Esf Maria Limeira Leite,Unidade Básica de Saúde,I,Em execução e conclusão,12/31/2024,50,8/30/2026,19,,Em execução e conclusão,Alta,"• Atualizar data de conclusão
",,,,,,
03904395000124004,2024,260790,PE,Jaboatão dos Guararapes,Córrego da Batalha Ii,Unidade Básica de Saúde,II,Em execução e conclusão,7/22/2025,50,8/6/2026,4,,"Em execução, conclusão atrasada",Alta,"• Atualizar data de conclusão
",,,,,,
03904395000124005,2024,260790,PE,Jaboatão dos Guararapes,Dois Carneiros Baixo I e Ii,Unidade Básica de Saúde,II,Em início de execução,9/16/2025,30,9/19/2026,3,,Em início de execução,Média,"• Pedir superação de etapa 'Início de execução'
• Atualizar data de conclusão
",,,,,,
03904395000125004,2025,260790,PE,Jaboatão dos Guararapes,Dois Carneiros I e Ii,Unidade Básica de Saúde,II,Em início de execução,4/8/2026,0,,38,,Em início de execução,Média,• Atualizar SISMOB 1 vez por mês,,,,,,
11263257000124001,2024,260805,PE,Jatobá,Construção de Ubs No Loteamento Novo Horizonte No Município de Jatobá-Pe,Unidade Básica de Saúde,I,Em início de execução,10/16/2025,3,12/31/2026,38,,Em início de execução,Média,• Atualizar SISMOB 1 vez por mês,,,,,,
10599648000124004,2024,260810,PE,João Alfredo,Unidade da Saúde da Família da Boa Vista,Unidade Básica de Saúde,I,Em início de execução,6/5/2025,0,,3,,Em início de execução,Alta,,,,,,,
10599648000124005,2024,260810,PE,João Alfredo,Unidade da Saúde da Família Olho de Água do Cercado ,Unidade Básica de Saúde,I,Em início de execução,6/9/2025,3,12/31/2026,32,,Em início de execução,Alta,• Atualizar SISMOB 1 vez por mês,,,,,,
10599648000125003,2025,260810,PE,João Alfredo,Ubs Campos do Borba,Unidade Básica de Saúde,I,Em início de execução,5/15/2026,0,,3,,Em início de execução,Baixa,,,,,,,
10599648000125004,2025,260810,PE,João Alfredo,Caps João Alfredo,Centro de Atenção Psicossocial,I,Em ação preparatória,,0,,81,,Ordem de serviço emitida,Alta,• Atualizar SISMOB 1 vez por mês,,,,,,
11326603000125003,2025,260845,PE,Lagoa do Carro,Unidade Básica José Fernando Lobo,Unidade Básica de Saúde,I,Em início de execução,2/24/2026,6,1/14/2027,25,,Em início de execução,Baixa,,,,,,,
08887732000124001,2024,260875,PE,Lagoa Grande,Estrategia de Saude da Familia Esf 03,Unidade Básica de Saúde,I,Em início de execução,5/2/2025,20,10/24/2026,73,,Em início de execução,Alta,• Atualizar SISMOB 1 vez por mês,,,,,,
10628610000124001,2024,260890,PE,Limoeiro,Oficina Ortopédica de Limoeiro,Oficina Ortopédica,Fixa,Em execução e conclusão,9/26/2025,33,3/31/2027,3,,Em execução e conclusão,Média,,,,,,,
10628610000125003,2025,260890,PE,Limoeiro,Unidade de Saúde da Família  Dr. Luiz Távora,Unidade Básica de Saúde,I,Em início de execução,4/8/2026,29,3/20/2027,3,,Em início de execução,Baixa,,,,,,,
07165026000124002,2024,260900,PE,Macaparana,Ubs Terra Prometida,Unidade Básica de Saúde,I,Em início de execução,7/3/2025,0,2/7/2026,19,7/3/2026,"Em execução, conclusão atrasada",Alta,"• Atualizar data de conclusão
",,,,,,
07165026000124003,2024,260900,PE,Macaparana,Ubs José Inácio,Unidade Básica de Saúde,I,Em início de execução,6/5/2025,3,7/31/2026,19,,"Em execução, conclusão atrasada",Alta,"• Atualizar data de conclusão
",,,,,,
08194799000124004,2024,260910,PE,Machados,Unidade de Saude da Familia Helio da Mota Silveira,Unidade Básica de Saúde,I,Em execução e conclusão,7/17/2025,50,10/30/2026,55,,Em execução e conclusão,Alta,• Atualizar SISMOB 1 vez por mês,,,,,,
11819732000124002,2024,260915,PE,Manari,Ubsf Antônio Tadeu Pedro Lima,Unidade Básica de Saúde,I,Em início de execução,6/2/2025,8,12/28/2026,9,7/3/2026,Em início de execução,Alta,,,,,,,
09096662000124001,2024,260930,PE,Mirandiba,Ubs de Juazeiro Grande ,Unidade Básica de Saúde,I,Em execução e conclusão,4/9/2025,99,9/30/2026,34,11/26/2025,Em funcionamento,Baixa,• Atualizar SISMOB 1 vez por mês,,,,,,
09096662000124002,2024,260930,PE,Mirandiba,Ubs Cohab,Unidade Básica de Saúde,I,Em execução e conclusão,4/9/2025,97,8/31/2026,34,7/2/2026,Em execução e conclusão,Alta,"• Comprar equipamentos
• Informar data em que MS possa fazer entrega simbólica ou inauguração
• Atualizar SISMOB 1 vez por mês",,,,,,
09096662000125004,2025,260930,PE,Mirandiba,Ubs Dorinha do Posto,Unidade Básica de Saúde,I,Em início de execução,4/6/2026,15,1/25/2027,20,,Em início de execução,Baixa,,,,,,,
08560938000124001,2024,260940,PE,Moreno,Ubs Conceição,Unidade Básica de Saúde,I,Em início de execução,2/26/2026,6,12/16/2026,17,,Em início de execução,Baixa,,,,,,,
08560938000124002,2024,260940,PE,Moreno,Ubs Alto de Santo Antônio,Unidade Básica de Saúde,I,Em início de execução,12/29/2025,0,,26,,Em início de execução,Média,,,,,,,
09814269000125003,2025,260950,PE,Nazaré da Mata,Ubs Maracatus,Unidade Básica de Saúde,I,Em início de execução,4/10/2026,4,3/16/2027,45,,Em início de execução,Média,• Atualizar SISMOB 1 vez por mês,,,,,,
11434981000125002,2025,260990,PE,Ouricuri,Ubs Capela de São Braz,Unidade Básica de Saúde,I,Em execução e conclusão,4/27/2026,30,3/20/2027,9,,Em execução e conclusão,Baixa,,,,,,,
00562279000125010,2025,261000,PE,Palmares,Ubs Ironeide Oliveira da Silva,Unidade Básica de Saúde,I,Em início de execução,2/24/2026,30,10/26/2026,104,,Em início de execução,Alta,"• Pedir superação de etapa 'Início de execução'
• Atualizar SISMOB 1 vez por mês",,,,,,
07868234000125003,2025,261060,PE,Paudalho,Ubs Residencial Guadalajara,Unidade Básica de Saúde,I,Em início de execução,2/24/2026,5,2/27/2027,82,,Em início de execução,Alta,• Atualizar SISMOB 1 vez por mês,,,,,,
09251115000125002,2025,261070,PE,Paulista,Ubs Jaguaribe,Unidade Básica de Saúde,I,Em execução e conclusão,4/8/2026,36,4/1/2027,34,,Em execução e conclusão,Média,• Atualizar SISMOB 1 vez por mês,,,,,,
08201607000125003,2025,261080,PE,Pedra,Usf Joao Galino,Unidade Básica de Saúde,I,Em início de execução,6/12/2026,3,2/8/2027,2,,Em início de execução,Baixa,,,,,,,
10488181000125001,2025,261090,PE,Pesqueira,Unidade Basica de Saúde Portal,Unidade Básica de Saúde,I,Em início de execução,4/6/2026,0,12/25/2026,19,,Em início de execução,Baixa,,,,,,,
10410787000124002,2024,261100,PE,Petrolândia,Ubs Antonio Firmino da Silva,Unidade Básica de Saúde,I,Em execução e conclusão,9/16/2025,33,4/13/2026,143,6/30/2026,"Em execução, conclusão atrasada",Alta,"• Atualizar data de conclusão
• Atualizar SISMOB 1 vez por mês",,,,,,
06914894000124009,2024,261110,PE,Petrolina,Ubs João José Araújo,Unidade Básica de Saúde,III,Em execução e conclusão,11/4/2025,45,9/20/2026,11,,Em execução e conclusão,Média,,,,,,,
06914894000124010,2024,261110,PE,Petrolina,Ubs Parteira Idalina dos Santos,Unidade Básica de Saúde,II,Em início de execução,11/4/2025,30,11/10/2026,17,,Em início de execução,Média,"• Pedir superação de etapa 'Início de execução'
",,,,,,
06914894000125003,2025,261110,PE,Petrolina,Ubs Fernando Idalino,Unidade Básica de Saúde,II,Em ação preparatória,,0,,11,,Ordem de serviço emitida,Baixa,,,,,,,
10291345000124001,2024,261140,PE,Primavera,Ubs Mauricio Bezerra de Barros Neto,Unidade Básica de Saúde,I,Em execução e conclusão,6/27/2025,36,1/21/2027,33,,Em execução e conclusão,Alta,• Atualizar SISMOB 1 vez por mês,,,,,,
11299001000126001,2026,261150,PE,Quipapá,Caps I Ismenia Dias de Lucena,Centro de Atenção Psicossocial,I,Em ação preparatória,,0,,41,,Etapa VISA,Média,• Atualizar SISMOB 1 vez por mês,,,,,,
41090291000124003,2024,261160,PE,Recife,Ubs Vasco da Gama,Unidade Básica de Saúde,IV,Em execução e conclusão,8/11/2025,68,10/18/2026,3,,Em execução e conclusão,Alta,,,,,,,
41090291000124004,2024,261160,PE,Recife,Caps Infantil,Centro de Atenção Psicossocial,III,Em execução e conclusão,10/9/2025,44,12/27/2026,24,6/17/2026,Em execução e conclusão,Média,,,,,,,
41090291000124005,2024,261160,PE,Recife,Ubs Fundao,Unidade Básica de Saúde,IV,Em início de execução,11/25/2025,0,,27,,Em início de execução,Média,,,,,,,
41090291000125006,2025,261160,PE,Recife,Unidade Básica de Saúde Nova Detran,Unidade Básica de Saúde,III,Em início de execução,6/12/2026,0,,27,,Em início de execução,Baixa,,,,,,,
10939000000125002,2025,261170,PE,Riacho das Almas,Psf Vii Nova Esperanca,Unidade Básica de Saúde,I,Em início de execução,4/27/2026,15,6/30/2027,14,,Em início de execução,Baixa,,,,,,,
10395676000124001,2024,261180,PE,Ribeirão,Ubs Bandeirantes,Unidade Básica de Saúde,I,Em execução e conclusão,4/1/2025,30,8/14/2026,45,,Em execução e conclusão,Alta,"• Atualizar data de conclusão
• Atualizar SISMOB 1 vez por mês",,,,,,
13167387000125004,2025,261210,PE,Salgadinho,Usf Melancia,Unidade Básica de Saúde,I,Em início de execução,4/6/2026,0,,6,,Em início de execução,Baixa,,,,,,,
10233967000125004,2025,261220,PE,Salgueiro,Centro de Atenção Psicossocial Rasga Tristeza,Centro de Atenção Psicossocial,I,Em início de execução,4/24/2026,22,5/30/2027,19,,Em início de execução,Baixa,,,,,,,
10822750000124001,2024,261230,PE,Saloá,Ubs Jaqueirão,Unidade Básica de Saúde,I,Em início de execução,6/5/2025,58,4/1/2027,31,7/3/2026,Em início de execução,Alta,"• Pedir superação de etapa 'Início de execução'
• Atualizar SISMOB 1 vez por mês",,,,,,
10725387000124002,2024,261240,PE,Sanharó,Ubs Santa Clara,Unidade Básica de Saúde,I,Em início de execução,6/20/2025,1,12/31/2026,32,,Em início de execução,Alta,• Atualizar SISMOB 1 vez por mês,,,,,,
11491419000124002,2024,261245,PE,Santa Cruz,Unidade de Saúde da Família de Portelinha,Unidade Básica de Saúde,I,Em execução e conclusão,5/2/2025,77,12/3/2026,4,7/2/2026,Em execução e conclusão,Alta,,,,,,,
11196515000124001,2024,261250,PE,Santa Cruz do Capibaribe,Ubs Centro,Unidade Básica de Saúde,II,Em execução e conclusão,6/5/2025,43,9/9/2026,10,,Em execução e conclusão,Alta,"• Atualizar data de conclusão
",,,,,,
11196515000124002,2024,261250,PE,Santa Cruz do Capibaribe,Ubs do Pedra Branca,Unidade Básica de Saúde,II,Em execução e conclusão,5/2/2025,52,9/9/2026,10,,Em execução e conclusão,Alta,"• Atualizar data de conclusão
",,,,,,
11196515000126008,2026,261250,PE,Santa Cruz do Capibaribe,Ubs do Dona Arlinda Ii,Unidade Básica de Saúde,I,Em ação preparatória,,0,,18,,Etapa VISA,Baixa,,,,,,,
09216627000124002,2024,261260,PE,Santa Maria da Boa Vista,Usf Senador Paulo Guerra,Unidade Básica de Saúde,I,Em execução e conclusão,6/5/2025,30,4/14/2026,37,7/3/2026,"Em execução, conclusão atrasada",Alta,"• Atualizar data de conclusão
• Atualizar SISMOB 1 vez por mês",,,,,,
09216627000124003,2024,261260,PE,Santa Maria da Boa Vista,Usf Milano,Unidade Básica de Saúde,I,Em execução e conclusão,6/5/2025,30,4/14/2026,37,7/3/2026,"Em execução, conclusão atrasada",Alta,"• Atualizar data de conclusão
• Atualizar SISMOB 1 vez por mês",,,,,,
11425822000124005,2024,261270,PE,Santa Maria do Cambucá,Esf Sitio Coqueiro,Unidade Básica de Saúde,I,Em início de execução,11/4/2025,24,11/30/2026,4,,Em início de execução,Média,,,,,,,
11425822000124004,2024,261270,PE,Santa Maria do Cambucá,Usf Iv Urbano,Unidade Básica de Saúde,I,Em início de execução,11/4/2025,2,5/30/2027,4,,Em início de execução,Média,,,,,,,
12071117000124001,2024,261280,PE,Santa Terezinha,Unidade Básica de Saúde,Unidade Básica de Saúde,I,Em execução e conclusão,10/14/2024,100,8/16/2026,4,4/23/2026,Em funcionamento,Baixa,"• Pedir superação de etapa 'Execução e conclusão'
",,,,,,
10785318000124002,2024,261290,PE,São Benedito do Sul,Ubs - Sbs Ii,Unidade Básica de Saúde,I,Em início de execução,6/27/2025,0,,36,,Em início de execução,Alta,• Atualizar SISMOB 1 vez por mês,,,,,,
08960773000124001,2024,261300,PE,São Bento do Una,Ubs Portal do Seridó,Unidade Básica de Saúde,I,Em execução e conclusão,4/9/2025,70,4/30/2026,18,4/23/2026,Em execução e conclusão,Alta,"• Atualizar data de conclusão
",,,,,,
08960773000124002,2024,261300,PE,São Bento do Una,Ubs Xvi,Unidade Básica de Saúde,I,Em execução e conclusão,2/14/2025,99,7/15/2026,18,4/23/2026,Em execução e conclusão,Alta,"• Comprar equipamentos
• Informar data em que MS possa fazer entrega simbólica ou inauguração
",,,,,,
12775279000125004,2025,261310,PE,São Caitano,Ubs Brejo de Lagoa ,Unidade Básica de Saúde,I,Em ação preparatória,,0,,74,,Ordem de serviço emitida,Alta,• Atualizar SISMOB 1 vez por mês,,,,,,
10476556000125001,2025,261330,PE,São Joaquim do Monte,Caps I São Joaquim do Monte,Centro de Atenção Psicossocial,I,Em início de execução,5/4/2026,5,4/21/2027,38,,Em início de execução,Média,• Atualizar SISMOB 1 vez por mês,,,,,,
13661399000124001,2024,261340,PE,São José da Coroa Grande,Ubs Boa Vista Ii,Unidade Básica de Saúde,I,Em início de execução,6/2/2025,5,12/30/2026,4,,Em início de execução,Alta,,,,,,,
11238483000124001,2024,261350,PE,São José do Belmonte,Construção de 01 (Uma) Unidade Básica de Saúde Porte 1 No Distrito do Bom Nome,Unidade Básica de Saúde,I,Em execução e conclusão,4/1/2025,84,9/30/2026,33,,Em execução e conclusão,Alta,"• Comprar equipamentos
• Informar data em que MS possa fazer entrega simbólica ou inauguração
• Atualizar SISMOB 1 vez por mês",,,,,,
11238483000124002,2024,261350,PE,São José do Belmonte,Construção de 01 (Uma) Unidade Básica de Saúde Porte 1 No Distrito do Jatobá,Unidade Básica de Saúde,I,Em funcionamento,4/1/2025,100,12/20/2026,18,12/19/2025,Em funcionamento,Não é necessário contato,,,,,,,
11238483000125004,2025,261350,PE,São José do Belmonte, Unidade Básica de Saúde Porte I Na Vila Delmiro (Cohab),Unidade Básica de Saúde,I,Em início de execução,4/6/2026,22,1/31/2027,10,,Em início de execução,Baixa,,,,,,,
11503081000125005,2025,261360,PE,São José do Egito,Unidade Básica de Saúde,Unidade Básica de Saúde,I,Em início de execução,4/6/2026,21,12/31/2026,31,,Em início de execução,Média,• Atualizar SISMOB 1 vez por mês,,,,,,
12257765000125004,2025,261370,PE,São Lourenço da Mata,Ubs José Moura de Albuquerque,Unidade Básica de Saúde,II,Em início de execução,4/24/2026,4,3/19/2027,30,,Em início de execução,Baixa,,,,,,,
10685971000125008,2025,261390,PE,Serra Talhada,Usf Vanete Almeida ,Unidade Básica de Saúde,I,Em início de execução,4/8/2026,17,3/12/2027,40,,Em início de execução,Média,• Atualizar SISMOB 1 vez por mês,,,,,,
10685971000125010,2025,261390,PE,Serra Talhada,Centro Especializado Em Reabilitação,Centro Especializado em Reabilitação,"Auditiva, Física, Intelectual e Visual",Em início de execução,4/29/2026,0,,116,,Em início de execução,Alta,• Atualizar SISMOB 1 vez por mês,,,,,,
11206759000124003,2024,261400,PE,Serrita,Unidade Básica de Saúde de Santa Rosa,Unidade Básica de Saúde,I,Em execução e conclusão,6/5/2025,50,12/10/2026,32,,Em execução e conclusão,Alta,• Atualizar SISMOB 1 vez por mês,,,,,,
11206759000124005,2024,261400,PE,Serrita,Unidade Básica de Saúde do Bezerro,Unidade Básica de Saúde,I,Em execução e conclusão,5/23/2025,50,12/10/2026,32,,Em execução e conclusão,Alta,• Atualizar SISMOB 1 vez por mês,,,,,,
11356210000124001,2024,261420,PE,Sirinhaém,Usf Agrovila,Unidade Básica de Saúde,I,Em início de execução,7/3/2025,0,,67,,Em início de execução,Alta,• Atualizar SISMOB 1 vez por mês,,,,,,
10687065000124001,2024,261460,PE,Tabira,Ubs Granja Saturnino Virginio da Silva,Unidade Básica de Saúde,I,Em execução e conclusão,10/14/2024,80,9/29/2026,22,6/25/2026,Em execução e conclusão,Alta,,,,,,,
10687065000125001,2025,261460,PE,Tabira,Centro de Atenção Psicossocial,Centro de Atenção Psicossocial,I,Em início de execução,4/30/2026,0,,3,,Em início de execução,Baixa,,,,,,,
10687065000125004,2025,261460,PE,Tabira,Unidade Básica de Saúde,Unidade Básica de Saúde,I,Em início de execução,5/12/2026,0,,3,,Em início de execução,Baixa,,,,,,,
09188937000124002,2024,261480,PE,Tacaratu,Construção de Ubs No Sítio Salgado Em Tacaratu-Pe.,Unidade Básica de Saúde,I,Em execução e conclusão,6/5/2025,72,10/30/2026,13,,Em execução e conclusão,Alta,,,,,,,
09188937000124003,2024,261480,PE,Tacaratu,Construção de Ubs No Bairro Paulo Afonso Município de Tacaratu-Pe,Unidade Básica de Saúde,I,Em execução e conclusão,6/2/2025,31,8/30/2026,9,,Em execução e conclusão,Alta,"• Atualizar data de conclusão
",,,,,,
08677960000124003,2024,261500,PE,Taquaritinga do Norte,Ubs Capibaribe,Unidade Básica de Saúde,I,Em início de execução,10/16/2025,10,12/10/2026,0,,Em início de execução,Média,,,,,,,
08677960000124002,2024,261500,PE,Taquaritinga do Norte,Ubs Zamba,Unidade Básica de Saúde,I,Em início de execução,9/2/2025,2,12/1/2026,214,,Em início de execução,Alta,• Atualizar SISMOB 1 vez por mês,,,,,,
11196725000124002,2024,261520,PE,Terra Nova,Ubs Centro,Unidade Básica de Saúde,I,Em execução e conclusão,6/20/2025,93,7/10/2026,48,6/22/2026,"Em execução, conclusão atrasada",Alta,"• Comprar equipamentos
• Informar data em que MS possa fazer entrega simbólica ou inauguração
• Atualizar SISMOB 1 vez por mês",,,,,,
11360884000125003,2025,261530,PE,Timbaúba,Unidade Básica de Saúde de Santa Ana,Unidade Básica de Saúde,I,Em início de execução,6/29/2026,0,,17,,Em início de execução,Baixa,,,,,,,
11073548000124004,2024,261540,PE,Toritama,Unidade Básica de Saúde Boa Esperança,Unidade Básica de Saúde,I,Em início de execução,11/19/2025,0,,251,,Em início de execução,Alta,• Atualizar SISMOB 1 vez por mês,,,,,,
11393440000124002,2024,261560,PE,Trindade,Ubs São Geraldo 5,Unidade Básica de Saúde,I,Em início de execução,6/20/2025,31,12/31/2026,18,,Em início de execução,Alta,"• Pedir superação de etapa 'Início de execução'
",,,,,,
11393440000125003,2025,261560,PE,Trindade,Usf Vila Sao Geraldo Kesley Breno Rodrigues Barbosa,Unidade Básica de Saúde,I,Em início de execução,4/6/2026,38,12/6/2026,17,,Em início de execução,Baixa,"• Pedir superação de etapa 'Início de execução'
",,,,,,
10334957000124001,2024,261570,PE,Triunfo,Unidade Básica de Saúde - Ubs Porte 1,Unidade Básica de Saúde,I,Em execução e conclusão,5/2/2025,50,6/30/2026,76,,"Em execução, conclusão atrasada",Alta,"• Atualizar data de conclusão
• Atualizar SISMOB 1 vez por mês",,,,,,
11293112000124002,2024,261590,PE,Tuparetama,Esf Vanilda  Torres da Costa Patriota,Unidade Básica de Saúde,I,Em execução e conclusão,5/2/2025,60,12/31/2026,54,1/14/2026,Em execução e conclusão,Alta,• Atualizar SISMOB 1 vez por mês,,,,,,
11667975000124002,2024,261610,PE,Verdejante,Construção de 01 Unidade Básica de Saúde Porte 1 No Centro da Cidade de Verdejante/Pe,Unidade Básica de Saúde,I,Em execução e conclusão,4/9/2025,42,12/30/2025,18,,"Em execução, conclusão atrasada",Alta,"• Atualizar data de conclusão
",,,,,,
69902112000125003,2025,261618,PE,Vertente do Lério,Ubs Vertente do Lerio,Unidade Básica de Saúde,I,Em início de execução,4/24/2026,0,,73,,Em início de execução,Alta,• Atualizar SISMOB 1 vez por mês,,,,,,
10566414000124001,2024,261630,PE,Vicência,Ubs Chã dos Mandados,Unidade Básica de Saúde,I,Em início de execução,7/8/2025,50,12/31/2026,39,6/26/2026,Em início de execução,Alta,"• Pedir superação de etapa 'Início de execução'
• Atualizar SISMOB 1 vez por mês",,,,,,
08916501000123007,2023,261640,PE,Vitória de Santo Antão,Caps Infantil,Centro de Atenção Psicossocial,I,Em execução e conclusão,4/25/2025,74,9/30/2026,37,6/19/2026,Em execução e conclusão,Alta,• Atualizar SISMOB 1 vez por mês,,,,,,
08916501000124005,2024,261640,PE,Vitória de Santo Antão,Centro de Atenção Psicosocial-Caps Ad,Centro de Atenção Psicossocial,ad,Em início de execução,7/22/2025,44,9/30/2026,5,,Em início de execução,Alta,"• Pedir superação de etapa 'Início de execução'
",,,,,,
08916501000124010,2024,261640,PE,Vitória de Santo Antão,Ubs Matadouro,Unidade Básica de Saúde,II,Em início de execução,10/6/2025,62,9/30/2026,6,,Em início de execução,Média,"• Pedir superação de etapa 'Início de execução'
",,,,,,
08916501000125007,2025,261640,PE,Vitória de Santo Antão,U S F Caic,Unidade Básica de Saúde,II,Em início de execução,6/19/2026,0,,37,,Em início de execução,Média,• Atualizar SISMOB 1 vez por mês,,,,,,
